{
  "University Of Dundee": "University of Dundee",
  "Aalto University": "Aalto University",
  "University Of Aarhus": "Aarhus University",
  "Aberystwyth University": "Aberystwyth University",
  "Addis Ababa University": "Addis Ababa University",
  "Albert-Ludwigs-Universitt Freiburg": "Albert-Ludwigs-Universitaet Freiburg",
  "Alexandria University": "Alexandria University",
  "American SIS": "American University",
  "SIS American University": "American University",
  "Anna University": "Anna University",
  "Aristotle University Of Thessaloniki, Greece": "Aristotle University of Thessaloniki",
  "Arizona State Uni": "Arizona State University",
  "Northern Arizona State University": "Arizona State University",
  "Fartston University": "Aston University",
  "Auburn University": "Auburn University",
  "Bangladesh University Of Engineering & Technology": "Bangladesh University of Engineering and Technology",
  "Baylor University": "Baylor University",
  "Bilkent University": "Bilkent University",
  "Binghamton University SUNY": "Binghamton University SUNY",
  "SUNY Binghamton University": "Binghamton University SUNY",
  "University Of Binghamton , SUNY": "Binghamton University SUNY",
  "Birkbeck, University Of Lond": "Birkbeck, University of London",
  "Bogazici University": "Bogaziçi University",
  "Boston College": "Boston University",
  "Boston Univ": "Boston University",
  "BOSTON Univ.  &  USC": "Boston University",
  "Boston Uni": "Boston University",
  "Monmouth University": "Bournemouth University",
  "Brandeis University": "Brandeis University",
  "Brigham Young University": "Brigham Young University",
  "Brigham Young University BYU": "Brigham Young University",
  "Brigham Young University-Idaho": "Brigham Young University",
  "Brigham Young University - Provo": "Brigham Young University",
  "University Of Ontario Institute Of Technology": "Brno University of Technology",
  "Brock University": "Brock University",
  "Brown": "Brown University",
  "California Institute Of Technology, Caltech": "California Institute of Technology (Caltech)",
  "California Polytechnic University, Pomona": "California Polytechnic State University",
  "California Polytechnic State University San Luis Obispo": "California Polytechnic State University",
  "Cal State University Los Angeles": "California State University - Los Angeles",
  "Cal State University Long Beach": "California State University, Long Beach",
  "Cardiff University": "Cardiff University",
  "Carlton University": "Carleton University",
  "Carnegie Mellon": "Carnegie Mellon University",
  "Carnegie Mellon Unive.": "Carnegie Mellon University",
  "Carnegie Mellon University - Heinz": "Carnegie Mellon University",
  "Carnegie Mellon University Teppers": "Carnegie Mellon University",
  "Robotics Institute, Carnegie Mellon University": "Carnegie Mellon University",
  "Carnegie Mellon University, Pittsburgh": "Carnegie Mellon University",
  "Carnegie Mellon University-Australia": "Carnegie Mellon University",
  "Central Michigan University": "Central Michigan University",
  "South Dakota Central": "Central South University",
  "Chalmers University Of Technology": "Chalmers University of Technology",
  "South China Agricultural University": "China Agricultural University",
  "City University London": "City, University of London",
  "Carkson University": "Clarkson University",
  "Clark University": "Clarkson University",
  "Clemson University": "Clemson University",
  "Cleveland State Univ": "Cleveland State University",
  "NEOMFA - Cleveland State University": "Cleveland State University",
  "Colorado School Of Mines": "Colorado School of Mines",
  "Colorado Mines": "Colorado School of Mines",
  "Colorado Stae University": "Colorado State University",
  "Colorado State Univesity": "Colorado State University",
  "Columbia": "Columbia University",
  "TC Columbia University": "Columbia University",
  "Univ. Mo -Columbia": "Columbia University",
  "GSAS Columbia University": "Columbia University",
  "SIPA Columbia University": "Columbia University",
  "Concordia University": "Concordia University",
  "Concordia University JMSB": "Concordia University",
  "Cornell": "Cornell University",
  "Univ Of Cornell": "Cornell University",
  "Cornell Uni": "Cornell University",
  "Cornell University ILR School": "Cornell University",
  "Curtin University": "Curtin University",
  "Dalhousie University": "Dalhousie University",
  "Dartmouth University": "Dartmouth College",
  "Umass Dartmouth": "Dartmouth College",
  "LaSalle University": "De La Salle University",
  "Delft University Of Technology": "Delft University of Technology",
  "Delft Technology University": "Delft University of Technology",
  "Delft University Of Science And Technology": "Delft University of Technology",
  "Drexel Univ": "Drexel University",
  "Drexel Uni": "Drexel University",
  "Duke": "Duke University",
  "Durham University": "Durham University",
  "Durham University UK": "Durham University",
  "Eindhoven University Of Technology": "Eindhoven University of Technology",
  "Emory Univ": "Emory University",
  "Emor7 University": "Emory University",
  "Erasmus Rotterdam University": "Erasmus University Rotterdam",
  "Erasmus University Rotterdam": "Erasmus University Rotterdam",
  "University Of Essex": "Essex, University of",
  "Ewha Women University": "Ewha Womans University",
  "Florida Atlantic University FAU": "Florida Atlantic University - Boca Raton",
  "Florida National University": "Florida International University",
  "Florida International Universitu": "Florida International University",
  "Florida State Univ": "Florida State University",
  "Lehman College, Florida State University": "Florida State University",
  "Florida State UnivFSU": "Florida State University",
  "Idaho State University": "Florida State University",
  "Fordham Univ.": "Fordham University",
  "Fordham University GSAS": "Fordham University",
  "Fudan Univ.": "Fudan University",
  "George Mason University": "George Mason University",
  "George Mason University - ICAR": "George Mason University",
  "George Washington Uni": "George Washington University",
  "Elliott School, George Washington University": "George Washington University",
  "MGH IHP, George Washington University": "George Washington University",
  "George Washington University-Elliott": "George Washington University",
  "George Washington University Trachenberg": "George Washington University",
  "Georgtown University": "Georgetown University",
  "Georgia Institute Of Technology (Georgia Tech)": "Georgia Institute of Technology",
  "Georgia College State University": "Georgia State University",
  "Georgia State Univ": "Georgia State University",
  "Georgia State University, Touro College": "Georgia State University",
  "Georgia College And State University (GCSU)": "Georgia State University",
  "Georgia Tech": "Georgian Technical University",
  "Goethe University Frankfurt": "Goethe-University Frankfurt am Main",
  "Goldsmiths, Univ. Of London": "Goldsmiths, University of London",
  "University Of London, Goldsmiths": "Goldsmiths, University of London",
  "Islamic University Of Technology": "Graz University of Technology",
  "West Bengal University Of Technology": "Graz University of Technology",
  "UNM": "Gunma University",
  "Harvard": "Harvard University",
  "GSD Harvard": "Harvard University",
  "KSG Harvard University": "Harvard University",
  "Hong Kong Baptist University": "Hong Kong Baptist University",
  "Hongik University": "Hongik University",
  "Howard University": "Howard University",
  "Humboldt State University": "Humboldt State University",
  "Alliant International University": "INTI International University",
  "Burundi International University": "INTI International University",
  "Illinos State University": "Illinois State University",
  "University Central London": "Imperial College London",
  "Indiana State University": "Indiana State University",
  "Indiana University SPEA": "Indiana State University",
  "Indiana Univ.-Bloomington": "Indiana University Bloomington",
  "University Of Indiana - Bloomington SPEA": "Indiana University Bloomington",
  "Indiana University - Bloomington (IUB) SPEA": "Indiana University Bloomington",
  "Indiana University - Indianapolis": "Indiana UniversityPurdue University Indianapolis",
  "Indiana University, School Of Medicine, Indianapolis (IUPUI)": "Indiana UniversityPurdue University Indianapolis",
  "Iowa State Univ": "Iowa State University",
  "Istanbul Technical University": "Istanbul Technical University",
  "Johns Hopkins": "Johns Hopkins University",
  "SAIS John Hopkins University": "Johns Hopkins University",
  "Johns Hopkins University-SAIS": "Johns Hopkins University",
  "Johns Hopkins University, Peabody Institute": "Johns Hopkins University",
  "Peabody Institute, Johns Hopkins University": "Johns Hopkins University",
  "Leuven University": "KU Leuven",
  "Kansas State Univ": "Kansas State University",
  "Kansas State University (KSU)": "Kansas State University",
  "Keele University": "Keele University",
  "Kent Sate University": "Kent State University",
  "Penn State Univ": "Kent State University",
  "Minot State University": "Kent State University",
  "King Fahd University Of Petroleum And Minerals": "King Fahd University of Petroleum & Minerals",
  "Kingston University, London": "Kingston University, London",
  "La Trobe University": "La Trobe University",
  "Lancaster University": "Lancaster University",
  "Lancaster University (UK)": "Lancaster University",
  "Lehigh Univ.": "Lehigh University",
  "Leiden University": "Leiden University",
  "Lingnan University (hong Kong)": "Lingnan University, Hong Kong",
  "Linkoping University": "Linköping University",
  "Lousiana State University": "Louisiana State University",
  "Louisiana State University LSU": "Louisiana State University",
  "Lousiana Tech University": "Louisiana State University",
  "Louisiana State University At Monroe": "Louisiana State University",
  "Loyola Univ. Chicago": "Loyola University Chicago",
  "University Chicago Loyola": "Loyola University Chicago",
  "University Of Loyola-Chicago": "Loyola University Chicago",
  "Lund University": "Lund University",
  "Maastricht University": "Maastricht University",
  "Marquette University": "Marquette University",
  "Massachusett Institute Of Technology": "Massachusetts Institute of Technology (MIT)",
  "McGill": "McGill University",
  "McMster University": "McMaster University",
  "Memorial University Of Newfoundland": "Memorial University of Newfoundland",
  "Umiami": "Miami University",
  "Miami University OH": "Miami University",
  "Michigan State University, Broad B. School": "Michigan State University",
  "Michigan Tech University (MTU)": "Michigan State University",
  "Michigan State University (Eli Broad)": "Michigan State University",
  "Michigan Technological Universiyu": "Michigan Technological University",
  "Michigan Tech Uni": "Michigan Technological University",
  "Michigan Technological University(Michigan Tech)": "Michigan Technological University",
  "Middle East Technical University": "Middle East Technical University",
  "Middlesex University": "Middlesex University",
  "Mississippi State University": "Mississippi State University",
  "Mississippi State University, Starkville,": "Mississippi State University",
  "Monash University": "Monash University",
  "Nanjing University": "Nanjing University",
  "Nankai Univ.": "Nankai University",
  "National Central UNiversity": "National Central University",
  "National Technical University Of Athens": "National Technical University of Athens",
  "National University Of Singapore": "National University of Singapore (NUS)",
  "National University Of Singapore Lee Kuan Yew": "National University of Singapore (NUS)",
  "NYU New York University": "New York University (NYU)",
  "The New School, New York": "New York University (NYU)",
  "NYU (New York University) Poly": "New York University (NYU)",
  "NYU Stern (New York University)": "New York University (NYU)",
  "Newcastle University": "Newcastle University",
  "North Carolina State Uni": "North Carolina State University",
  "North Carolina State Univesity": "North Carolina State University",
  "Noth Carolina Central University": "North Carolina State University",
  "UVM, Northeastern": "Northeastern University",
  "Northeastern University School Of Law": "Northeastern University",
  "Emerson College, Northeastern University": "Northeastern University",
  "Northeastern Univers": "Northeastern University",
  "Northern Arizona University": "Northern Arizona University",
  "Northern Ontario University": "Northern Arizona University",
  "Northern Arizona University Phoenix": "Northern Arizona University",
  "Northern Arizona Univeristy": "Northern Arizona University",
  "University Fo Northern": "Northern Borders University",
  "Northwestern Uni.": "Northwestern University",
  "Northwestern State University": "Northwestern University",
  "Kellog, Northwestern University": "Northwestern University",
  "Medill Northwestern University": "Northwestern University",
  "Medill Northwestern University,": "Northwestern University",
  "Northwestern University, Ithaca College": "Northwestern University",
  "Northwestern University (Chicago)": "Northwestern University",
  "Northwestern University Kellogg": "Northwestern University",
  "Western University": "Northwestern University",
  "Norwegian University Of Science And Technology": "Norwegian University of Science And Technology",
  "Nottingham-Trent University": "Nottingham Trent University",
  "Nova Southern University": "Nova Southeastern University",
  "Nova South Eastern University (online)": "Nova Southeastern University",
  "Oklahoma State University": "Oklahoma State University",
  "OregonState University": "Oregon State University",
  "Morgan State University": "Oregon State University",
  "Oxford Brookes University": "Oxford Brookes University",
  "Peking University": "Peking University",
  "Pennsyvania State University": "Pennsylvania State University",
  "The Pennsylvania State University(PSU-Park)": "Pennsylvania State University",
  "Pennsylvania State Unveristy": "Pennsylvania State University",
  "Penn State (Pennsylvania State University)": "Pennsylvania State University",
  "Penn State Pennsylvania State University": "Pennsylvania State University",
  "Pennsylvania State University At Hershey": "Pennsylvania State University",
  "Politecnico Di Milano": "Politecnico di Milano",
  "Portland State": "Portland State University",
  "Portland State Unversity": "Portland State University",
  "Prineton University": "Princeton University",
  "Purdue Univ": "Purdue University",
  "University Purdue": "Purdue University",
  "Furdue University": "Purdue University",
  "Purude University": "Purdue University",
  "Queen Margaret University": "Queen Margaret University , Edinburgh",
  "Queen Mary University, London": "Queen Mary University of London",
  "Queens University Belfast": "Queen's University Belfast",
  "Queens University (Kingston)": "Queen's University at Kingston",
  "Rude University": "RUDN University",
  "RWTH Aachen University": "RWTH Aachen University",
  "Rice Univ": "Rice University",
  "Michigan Technical University": "Riga Technical University",
  "Robert Gordon University Aberdeen": "Robert Gordon University",
  "Royal Holloway University Of London": "Royal Holloway University of London",
  "Royal Holloway University": "Royal Holloway University of London",
  "Rutgers - New Brunswick": "Rutgers UniversityNew Brunswick",
  "Rutgers University New Jersey New Brunswick": "Rutgers UniversityNew Brunswick",
  "SOAS University Of London": "SOAS University of London",
  "University Of London SOAS": "SOAS University of London",
  "Sabanc University": "Sabanci University",
  "Pittsburg State University": "Saint Petersburg State University",
  "San Francisco State University": "San Francisco State University",
  "San Francisco State University SFSU": "San Francisco State University",
  "San Fran State University": "San Francisco State University",
  "Saint Francis University": "San Francisco State University",
  "Sciences Po University (Paris)": "Sciences Po",
  "Seattle University": "Seattle University",
  "UW Seattle": "Seattle University",
  "Seoul National University": "Seoul National University",
  "Seoul National University (SNU)": "Seoul National University",
  "School Of Economics And Finance - Queen Mary University": "Shanghai University of Finance and Economics",
  "Masdar Institute Of Technology Uae": "Sharif University of Technology",
  "Shenzhen University": "Shenzhen University",
  "Shiraz University": "Shiraz University",
  "SimonFraser University": "Simon Fraser University",
  "Simon Fraser University, Canada": "Simon Fraser University",
  "Singapore Management University": "Singapore Management University",
  "Southern Methodist Univ": "Southern Methodist University",
  "Southern Methodist Unuversity": "Southern Methodist University",
  "Southwest University": "Southwest University",
  "St Cloud University": "St. Louis University",
  "Stanford Univ.": "Stanford University",
  "Stockholm University": "Stockholm University",
  "State University Of Stony Brook (SUNY)": "Stony Brook University, State University of New York",
  "Sultan Qaboos University": "Sultan Qaboos University",
  "SUNY Upstate": "Sumy State University",
  "Swansea University": "Swansea University",
  "Syracuse Univ": "Syracuse University",
  "Syracuse University I-School": "Syracuse University",
  "Syrasuce University": "Syracuse University",
  "Technical University Of Denmark": "Technical University of Denmark",
  "Technical University Of Munich": "Technical University of Munich",
  "Munich Technical University": "Technical University of Munich",
  "Technische Universiteit Delft": "Technische Universität Wien",
  "Technische Universitt Mnchen (TUM)": "Technische Universität Wien",
  "Technische Universitt Darmstadt": "Technische Universität Wien",
  "Tel Aviv University": "Tel Aviv University",
  "Temple": "Temple University",
  "Temple University (Fox School)": "Temple University",
  "Texas A And M University": "Texas A&M University",
  "Texas A&M University Bush School": "Texas A&M University",
  "West Texas A&M University": "Texas A&M University",
  "Texas State University": "Texas A&M University",
  "Texas Woman University": "Texas A&M University",
  "Texas Tech Univ": "Texas Tech University",
  "Texas Tech University HSC": "Texas Tech University",
  "Australian National University": "The Australian National University",
  "Australian National University (ANU)": "The Australian National University",
  "The Hong Kong Polytechnic University": "The Hong Kong Polytechnic University",
  "London School Of Economics And Political Science": "The London School of Economics and Political Science (LSE)",
  "Ohio State Univ": "The Ohio State University",
  "OSU Ohio State University": "The Ohio State University",
  "Ohio State Uni": "The Ohio State University",
  "Ohio State Univ. (OSU)": "The Ohio State University",
  "Ohio State University (OSU)university": "The Ohio State University",
  "Ohio State University Glenn School": "The Ohio State University",
  "Ohio State University Fisher": "The Ohio State University",
  "University Of Alabama, Tusc.": "The University of Alabama",
  "University Of West Alabama": "The University of Alabama",
  "The University Of South Alabama": "The University of Alabama",
  "University Of South Alabama": "The University of Alabama",
  "Univ Of Arizona": "The University of Arizona",
  "University Of Arizona UA": "The University of Arizona",
  "University Of Arizona/ASU": "The University of Arizona",
  "University Of Arizonaona": "The University of Arizona",
  "University Of Arizona (Eller)": "The University of Arizona",
  "University Of Arizona - LPL": "The University of Arizona",
  "University Of Arizona, Tempe": "The University of Arizona",
  "University Of ArizonaTucson": "The University of Arizona",
  "University Of South Arizona": "The University of Arizona",
  "University Of Arizona Optics": "The University of Arizona",
  "University Of Arizona Tuscan": "The University of Arizona",
  "The University Of Auckland": "The University of Auckland",
  "Auckland University": "The University of Auckland",
  "Oakland University": "The University of Auckland",
  "Edinburgh University": "The University of Edinburgh",
  "Exeter University": "The University of Exeter",
  "(UGA) University Of Georgia": "The University of Georgia",
  "The University Of Georgia (UGA)": "The University of Georgia",
  "University Of Georgia Uga": "The University of Georgia",
  "U Of Georgia(UGA)": "The University of Georgia",
  "University Of Georgia (Eller)": "The University of Georgia",
  "University Of Georgia-Athens": "The University of Georgia",
  "The University Of Hong Kong": "The University of Hong Kong",
  "Hong Kong University": "The University of Hong Kong",
  "University Of Hong Kong (HKU)": "The University of Hong Kong",
  "Manchester University": "The University of Manchester",
  "University Of Winchester": "The University of Manchester",
  "The University Of Melbourne": "The University of Melbourne",
  "University Of Melbourne": "The University of Melbourne",
  "The University Of New South Wales": "The University of New South Wales (UNSW Sydney)",
  "University Of New South Wales": "The University of New South Wales (UNSW Sydney)",
  "The University Of Sheffield": "The University of Sheffield",
  "Sheffield University": "The University of Sheffield",
  "THE UNIVERSITY OF SYDNEY": "The University of Sydney",
  "University Of Sydney": "The University of Sydney",
  "University Of Tennesse Knoxville": "The University of Tennessee, Knoxville",
  "University Of Tenn- Knoxville": "The University of Tennessee, Knoxville",
  "Univerity Of Tennessee-Knoxville": "The University of Tennessee, Knoxville",
  "University Of Tennessee--Knoxville Knoxville, TN": "The University of Tennessee, Knoxville",
  "University Of Tennessee (UTK)": "The University of Tennessee, Knoxville",
  "University Of Texas Arlington": "The University of Texas at Arlington",
  "Univerity Of Texas Arlington": "The University of Texas at Arlington",
  "University Of Tokyo": "The University of Tokyo",
  "Warwick University": "The University of Warwick",
  "University Of Western Australia": "The University of Western Australia",
  "Tilbur University": "Tilburg University",
  "Tsinghua University": "Tsinghua University",
  "Tufts": "Tufts University",
  "Tulane": "Tulane University",
  "Tulune University": "Tulane University",
  "UCL": "UCL",
  "UCCS": "UCSI University",
  "Carlos III Madrid UC3M": "Universidad Carlos III de Madrid (UC3M)",
  "Universidad Carlos III": "Universidad Carlos III de Madrid (UC3M)",
  "Universidad Central Del Caribe": "Universidad Central del Ecuador",
  "Universidad De San Andrs": "Universidad de San Andrés - UdeSA",
  "Universidade Federal De Minas Gerais": "Universidade Federal de Minas Gerais",
  "Federal University Of Rio De Janeiro": "Universidade Federal do Rio de Janeiro",
  "Universitat Politecnica De Catalunya": "Universitat Politècnica de Catalunya · BarcelonaTech (UPC)",
  "Universitat Pompeu Fabra": "Universitat Pompeu Fabra (Barcelona)",
  "Universitat Autonoma De Barcelona": "Universitat de Barcelona",
  "ULM": "University Ulm",
  "University Of Albany, SUNY": "University at Albany SUNY",
  "University At Albany (SUNY Albany)": "University at Albany SUNY",
  "University Of Albany (SUNY Albany)": "University at Albany SUNY",
  "Univ. At Buffalo, SUNY": "University at Buffalo SUNY",
  "SUNY Buffalo": "University at Buffalo SUNY",
  "SUNY University Of Buffalo": "University at Buffalo SUNY",
  "University At Buffalo": "University at Buffalo SUNY",
  "University At Buffalo (SUNY-Buffalo)": "University at Buffalo SUNY",
  "SUNY Buffalo- University At Buffalo": "University at Buffalo SUNY",
  "University Of Aberdeen": "University of Aberdeen",
  "Univ. Alabama-Birmingham": "University of Alabama, Birmingham",
  "Alabama At Birmingham Uab": "University of Alabama, Birmingham",
  "University Of Alaska Fairbank": "University of Alaska Fairbanks",
  "Uni Of Alberta": "University of Alberta",
  "Ualberta": "University of Alberta",
  "University Of Alberta (U Of A)": "University of Alberta",
  "University Of Amsterdam": "University of Amsterdam",
  "VU University Amsterdam": "University of Amsterdam",
  "University Of Anywhere": "University of Antwerp",
  "University Of Arkansas Fayetville": "University of Arkansas Fayetteville",
  "University Of Arkansas Lafayette": "University of Arkansas Fayetteville",
  "Unuversity Of Arkansas , Fayetteville": "University of Arkansas Fayetteville",
  "Birmingham University": "University of Birmingham",
  "Bristol University": "University of Bristol",
  "University Of Bristol, BCFN": "University of Bristol",
  "University Of British Colombia": "University of British Columbia",
  "Calgary University": "University of Calgary",
  "University Of California - Berkely (UCB)": "University of California, Berkeley (UCB)",
  "University Of Berkeley: California": "University of California, Berkeley (UCB)",
  "University Of California Berkeley (UCB)keley": "University of California, Berkeley (UCB)",
  "University Of California Berkley": "University of California, Berkeley (UCB)",
  "University California Berkeley": "University of California, Berkeley (UCB)",
  "University Of California, Berkeley - GSPP": "University of California, Berkeley (UCB)",
  "University Of California, Berkeley-San Fran": "University of California, Berkeley (UCB)",
  "University Of California Berkeley - Goldman": "University of California, Berkeley (UCB)",
  "University Of California Berkeley School Of Public Health": "University of California, Berkeley (UCB)",
  "University Of California Berkeley/San Francisco (UCB/UCSF)": "University of California, Berkeley (UCB)",
  "University Of California Merced": "University of California, Berkeley (UCB)",
  "University Of California Berkeley Haas School Of Business": "University of California, Berkeley (UCB)",
  "University Of California, Berkeley, School Of Information": "University of California, Berkeley (UCB)",
  "University Of California Davs": "University of California, Davis",
  "University California Davis": "University of California, Davis",
  "University Of California, Hastings": "University of California, Davis",
  "Unversity Of California, Davis": "University of California, Davis",
  "Merced, University Of California": "University of California, Davis",
  "University Of California San Marcos": "University of California, Davis",
  "Univ California Irvine": "University of California, Irvine",
  "University Of California-Irvine (UCI)": "University of California, Irvine",
  "University Of California Irvine UC Irvine": "University of California, Irvine",
  "University Of California Irvine, Tri-Campus": "University of California, Irvine",
  "University Of California Irvine Paul Merage": "University of California, Irvine",
  "University Of Los Angeles California": "University of California, Los Angeles (UCLA)",
  "University Of CaliforniaLos Angeles": "University of California, Los Angeles (UCLA)",
  "University California Los Angeles": "University of California, Los Angeles (UCLA)",
  "University Of California At Los Angeles - Luskin": "University of California, Los Angeles (UCLA)",
  "University Of California--Riverside": "University of California, Riverside",
  "California Riverside University (UCR)": "University of California, Riverside",
  "University Of California Riverside (1100100281)": "University of California, Riverside",
  "University Of California Riverside (UCR) Palm Desert": "University of California, Riverside",
  "University Of California, San Diego School (UCSD)": "University of California, San Diego (UCSD)",
  "University California San Diego": "University of California, San Diego (UCSD)",
  "University Of California, San Diego (UCSD) Rady School Of Management": "University of California, San Diego (UCSD)",
  "California, Santa Barbara (UCSB)": "University of California, Santa Barbara (UCSB)",
  "University Of California Santa Barbara; Bren School": "University of California, Santa Barbara (UCSB)",
  "University Of California, Santa Babs": "University of California, Santa Barbara (UCSB)",
  "Uuniversity Of California Santa Barbara": "University of California, Santa Barbara (UCSB)",
  "University Of California, Santa Barbara (UCSB)on College Lynch School Of Education": "University of California, Santa Barbara (UCSB)",
  "University Of California At Santa Barbara (UCSB) Street College Of Education": "University of California, Santa Barbara (UCSB)",
  "University Of California Santa Cruz": "University of California, Santa Cruz",
  "University California Santa Cruz": "University of California, Santa Cruz",
  "University Of Cali Santa Cruz": "University of California, Santa Cruz",
  "Cambridge": "University of Cambridge",
  "Cambridge University UK": "University of Cambridge",
  "Cambridge University, Clare College": "University of Cambridge",
  "University Of Cape Town": "University of Cape Town",
  "University Of Central OK": "University of Central Oklahoma",
  "Univ Of Chicago": "University of Chicago",
  "University Of Chicago School": "University of Chicago",
  "University Of Chicago CIR": "University of Chicago",
  "University Of Chicago SSA": "University of Chicago",
  "University Of Chicago-GSB": "University of Chicago",
  "University Of Chicago(UChic)": "University of Chicago",
  "UChicago": "University of Chicago",
  "University Of Chicago (MAPSS)": "University of Chicago",
  "Harris School University Of Chicago": "University of Chicago",
  "The University Of Chicago, Harris School": "University of Chicago",
  "University Of Chicago Harris School": "University of Chicago",
  "University Of Chicago, Loyola": "University of Chicago",
  "University Of Cincinnati College": "University of Cincinnati",
  "University Of Cincinnati (UC)": "University of Cincinnati",
  "University Of Cincinnati DAPP": "University of Cincinnati",
  "University Of Cincinnati, Ohio": "University of Cincinnati",
  "UCincinnati": "University of Cincinnati",
  "Coimbra University": "University of Coimbra",
  "University Of Colombo": "University of Colombo",
  "Univ Of Colorado, Boulder": "University of Colorado Boulder",
  "Boulder Colorado University": "University of Colorado Boulder",
  "Colorado University Boulder": "University of Colorado Boulder",
  "University Colorado Boulder": "University of Colorado Boulder",
  "University Of Colorado Boulder (CU Boulder)": "University of Colorado Boulder",
  "University Of Denver, Colorado": "University of Colorado, Denver",
  "University Of ColoradoDenver": "University of Colorado, Denver",
  "University Of Colorado Denver (CU Denver)": "University of Colorado, Denver",
  "Univeisity Of Colorado Denver": "University of Colorado, Denver",
  "University Of Colorado Denver - Anschutz": "University of Colorado, Denver",
  "Uni Of Connecticut": "University of Connecticut",
  "University Of Connecticut HSC": "University of Connecticut",
  "UConnecticut": "University of Connecticut",
  "Connecticut UConn": "University of Connecticut",
  "University Of Connecticut-Storr": "University of Connecticut",
  "Southern University Of Connecticut": "University of Connecticut",
  "University Of Southern Connecticut": "University of Connecticut",
  "University Of Copenhagen": "University of Copenhagen",
  "IT University Of Copenhagen": "University of Copenhagen",
  "The Univ. Of Delaware": "University of Delaware",
  "Univ Of Delaware": "University of Delaware",
  "University Of Delaware (UD)": "University of Delaware",
  "Delaware": "University of Delaware",
  "University Delaware": "University of Delaware",
  "University Of Delaware, Newark": "University of Delaware",
  "University Of Denber": "University of Denver",
  "University Of Denver (DU)": "University of Denver",
  "University Of Denvernver": "University of Denver",
  "University Of Denver (GSIS)": "University of Denver",
  "University Of Denver GSPP": "University of Denver",
  "University Of Denver, PsyD": "University of Denver",
  "University Of Denver/Iliff": "University of Denver",
  "University Of Dhaka": "University of Dhaka",
  "University Of East Anglia": "University of East Anglia (UEA)",
  "University Of East Anglia, Norwich, UK": "University of East Anglia (UEA)",
  "Univ Of Florida": "University of Florida",
  "University Of Florida UFL": "University of Florida",
  "Florida University": "University of Florida",
  "University Florida": "University of Florida",
  "University Of West Florida": "University of Florida",
  "University Of Miami Florida": "University of Florida",
  "University Of North Florida": "University of Florida",
  "University Of Flo": "University of Florida",
  "University Of Geneva": "University of Geneva",
  "The University Of Glasgow": "University of Glasgow",
  "University Of Glasgow": "University of Glasgow",
  "Groningen University": "University of Groningen",
  "University Of Guelpg": "University of Guelph",
  "Guelph University": "University of Guelph",
  "University Of Guelph: Tri-University": "University of Guelph",
  "University Of Guelph (SOFAM)": "University of Guelph",
  "Gottingen University": "University of Göttingen",
  "University Of Hawaii At Mano": "University of Hawai?i at Manoa",
  "University Of Hawaii, Manoa (UH Manoa)": "University of Hawai?i at Manoa",
  "University Of Hawaii: Manoa: School Of Law": "University of Hawai?i at Manoa",
  "University Of Helsinki": "University of Helsinki",
  "University Of Hartford": "University of Hertfordshire",
  "Univ Of Houston": "University of Houston",
  "University Of Houston UH": "University of Houston",
  "Uni. Of Houston": "University of Houston",
  "Houston University": "University of Houston",
  "University Of Texas Houston": "University of Houston",
  "University Of Hull": "University of Hull",
  "University Of Iceland": "University of Iceland",
  "University Of Idahp": "University of Idaho",
  "University Of Idaho (UI)": "University of Idaho",
  "Idaho University": "University of Idaho",
  "Illinois At Chicago (UIC)": "University of Illinois at Chicago (UIC)",
  "University At Chicago Illinois": "University of Illinois at Chicago (UIC)",
  "University Illinois At Chicago": "University of Illinois at Chicago (UIC)",
  "Illinois University At Urbana-champaign": "University of Illinois at Urbana-Champaign",
  "Unv Of Illinois Urbana-Champaign": "University of Illinois at Urbana-Champaign",
  "Illinois Urbana Champaign": "University of Illinois at Urbana-Champaign",
  "Uni Of Illinois At Urbana": "University of Illinois at Urbana-Champaign",
  "University Of Illinois At U-C": "University of Illinois at Urbana-Champaign",
  "University Of Illinois - Urbana/Champagneectural Association": "University of Illinois at Urbana-Champaign",
  "Univ Of Iowa": "University of Iowa",
  "University Of Lowa": "University of Iowa",
  "University Of Iowa / IWW": "University of Iowa",
  "Kansas, University Of": "University of Kansas",
  "University Of Kansas (KU)": "University of Kansas",
  "Kansas University": "University of Kansas",
  "University Of Kent": "University of Kent",
  "University Of Kent BSIS": "University of Kent",
  "University Of Kentrukey": "University of Kent",
  "Kentucky University": "University of Kentucky",
  "University Kentucky": "University of Kentucky",
  "University Of Lausanne (UNIL)": "University of Lausanne",
  "University Of Leeds": "University of Leeds",
  "University Of Leicester": "University of Leicester",
  "University Of Limerick": "University of Limerick",
  "University Of Liverpool": "University of Liverpool",
  "Univ Of Louisvile": "University of Louisville",
  "Louisville University": "University of Louisville",
  "University Of Louisville UofL": "University of Louisville",
  "University Of Luxembourg": "University of Luxembourg",
  "Manitoba University": "University of Manitoba",
  "University Of Mayland Baltimore County": "University of Maryland, Baltimore County",
  "UMBC (University Of Maryland Baltimore County)": "University of Maryland, Baltimore County",
  "Uni Of Maryland Baltimore Country": "University of Maryland, Baltimore County",
  "University Of Maryland Baltimore": "University of Maryland, Baltimore County",
  "Maryland, College Park (University Of)": "University of Maryland, College Park",
  "University Of Maryland ARE": "University of Maryland, College Park",
  "Maryland University, College Park": "University of Maryland, College Park",
  "University Maryland, College Park": "University of Maryland, College Park",
  "University Of Maryland CP": "University of Maryland, College Park",
  "University Of Maryland College Park Smith": "University of Maryland, College Park",
  "University Of Maryland, College Park (Clark)": "University of Maryland, College Park",
  "Univ Of Maryland": "University of Maryland, College Park",
  "University Of Maryland College": "University of Maryland, College Park",
  "University Of Maryland (AMSC)": "University of Maryland, College Park",
  "Uni Of Maryland": "University of Maryland, College Park",
  "University Of Maryland(MSPP)": "University of Maryland, College Park",
  "University Of Maryland - MAPO": "University of Maryland, College Park",
  "University Of Maryland - College Parkd - College Park": "University of Maryland, College Park",
  "University Of Maryland, Ann Arbor": "University of Maryland, College Park",
  "University Of Maryland College Park (1100100907)": "University of Maryland, College Park",
  "Massachusetts Amherst University": "University of Massachusetts Amherst",
  "University Massachusetts-Amherst": "University of Massachusetts Amherst",
  "University Of Massachusetts (UMass) - Amherst": "University of Massachusetts Amherst",
  "University Of Massachusetts-Amherst (UMASS)": "University of Massachusetts Amherst",
  "University Of Massachusettchusetts - Amherst": "University of Massachusetts Amherst",
  "University Of Massachusetts, Amherst, Isenberg": "University of Massachusetts Amherst",
  "University Of Massachusetts(UMass)": "University of Massachusetts Amherst",
  "University Of Massachusetts At Worcester": "University of Massachusetts Amherst",
  "University Of Massachusetts Medical School": "University of Massachusetts Amherst",
  "UMass Amherst / University Of Massachusetts Amherst": "University of Massachusetts Amherst",
  "University Of Massachusetts Amherst (UMass Amherst)": "University of Massachusetts Amherst",
  "University Of Massachusets": "University of Massachusetts Amherst",
  "University Of Massachusetts Medical School - Worcester": "University of Massachusetts Amherst",
  "University Of Massachusetts Boson": "University of Massachusetts Boston",
  "University Of Massachusetts Lowell": "University of Massachusetts Boston",
  "University Of Massachusetts-Isenberg": "University of Massachusetts Boston",
  "Memphis University": "University of Memphis",
  "The University Of Miami": "University of Miami",
  "Univ. Of Miami": "University of Miami",
  "University Of Miami,FL": "University of Miami",
  "Uni Of Miami": "University of Miami",
  "University Of Miami Ohio": "University of Miami",
  "University Of Michigan-Ann Arobr": "University of Michigan-Ann Arbor",
  "Michigan University, Ann Arbor": "University of Michigan-Ann Arbor",
  "University Michigan Ann Arbor": "University of Michigan-Ann Arbor",
  "Uni Of Michigan Ann Arbor": "University of Michigan-Ann Arbor",
  "Univ Of Mich, Ann Arbor": "University of Michigan-Ann Arbor",
  "University Of Michigan - Ann Arbor - SNRE": "University of Michigan-Ann Arbor",
  "University Of MichiganDearborn": "University of Michigan-Ann Arbor",
  "University Of Michigan - Ann": "University of Michigan-Ann Arbor",
  "University Of Michigan- Ford": "University of Michigan-Ann Arbor",
  "University Of Michigan--Ann Arbor - Ann Arbor": "University of Michigan-Ann Arbor",
  "Ford School, University Of Michigan": "University of Michigan-Ann Arbor",
  "The University Of Michigan Ford School": "University of Michigan-Ann Arbor",
  "University Of Michigan Ford School": "University of Michigan-Ann Arbor",
  "University Of Michigan AA": "University of Michigan-Ann Arbor",
  "University Of Michigan - Ann Arbors, University Of Michigan": "University of Michigan-Ann Arbor",
  "University Of Guilan": "University of Milan",
  "University Of Minnesota At Twin City": "University of Minnesota Twin Cities",
  "University Of Minnesota Twins": "University of Minnesota Twin Cities",
  "University Of Minnesota Twin City (umn)": "University of Minnesota Twin Cities",
  "University Of Minnesota - Twin Cities (Carlson)": "University of Minnesota Twin Cities",
  "Unversity Of Minnesota Twin Cities": "University of Minnesota Twin Cities",
  "University Of Minnesota - TC": "University of Minnesota Twin Cities",
  "University Of Missisippi": "University of Mississippi",
  "Uni Of Mississppi": "University of Mississippi",
  "Ole Miss (University Of Mississippi": "University of Mississippi",
  "The University Of Mississippi (Ole Miss)": "University of Mississippi",
  "University  Of Southern Mississippi": "University of Mississippi",
  "University Of Mississippi (Ole Miss)": "University of Mississippi",
  "University of Missouri - Rolla": "University of Missouri, Columbia",
  "University Of Missouri (Mizzou)": "University of Missouri, Columbia",
  "University Of Montana Missoula": "University of Montana Missoula",
  "Mumbai University": "University of Mumbai",
  "University Of Navarra/Spain": "University of Navarra",
  "University Of New Brunswick": "University of New Brunswick",
  "University Of North Carolina Charlotte": "University of North Carolina at Charlotte",
  "Universtiy Of North Carolina Charlotte": "University of North Carolina at Charlotte",
  "University Of North Carolina Greensboro": "University of North Carolina at Greensboro",
  "University North Carolina Greensboro": "University of North Carolina at Greensboro",
  "UNC Greesboro (University Of North Carolina-Greensboro)": "University of North Carolina at Greensboro",
  "University Of North CarolinaChapel Hill": "University of North Carolina, Chapel Hill",
  "University North Carolina Chapel Hill": "University of North Carolina, Chapel Hill",
  "University Of Carolina - Chapel Hill": "University of North Carolina, Chapel Hill",
  "University Of North Carolina - CH": "University of North Carolina, Chapel Hill",
  "The University Of North Carolina At Chapel Hill (UNC) Gillings School": "University of North Carolina, Chapel Hill",
  "University Of North Carolina, Chapel Hill (UNC Chapel Hill)": "University of North Carolina, Chapel Hill",
  "School Of Education, The University Of North Carolina At Chapel Hill": "University of North Carolina, Chapel Hill",
  "U Of North Carolina (UNC)": "University of North Carolina, Chapel Hill",
  "The University Of North Texas": "University of North Texas",
  "North Texas University": "University of North Texas",
  "University Of North Texas- Denton": "University of North Texas",
  "North Texas (UNT)": "University of North Texas",
  "University Notre Dame": "University of Notre Dame",
  "Uni. Of Notre Dame": "University of Notre Dame",
  "University Of Notre Dame (UND)": "University of Notre Dame",
  "University Of Notre DameDame": "University of Notre Dame",
  "University Of Notre DameFlorida": "University of Notre Dame",
  "University Of Notre": "University of Notre Dame",
  "The University Of Nottingham": "University of Nottingham",
  "University Of Nottingham": "University of Nottingham",
  "The University Of Oklahoma": "University of Oklahoma",
  "University Of Oklahoma OU": "University of Oklahoma",
  "University Of Oklahoma HSC": "University of Oklahoma",
  "Oklahoma University": "University of Oklahoma",
  "University Of Oklahoma Norman": "University of Oklahoma",
  "The University Of Central Oklahoma": "University of Oklahoma",
  "University Of Central Oklahoma": "University of Oklahoma",
  "University Of Oregan": "University of Oregon",
  "University Or Oregon": "University of Oregon",
  "University Of Oslo": "University of Oslo",
  "UOTTAWA": "University of Ottawa",
  "University Of Ottawa(OCIECE)": "University of Ottawa",
  "Oxford, University Of": "University of Oxford",
  "University Of Oxdord": "University of Oxford",
  "Uni Of Oxford": "University of Oxford",
  "Oxford University": "University of Oxford",
  "University Of Patna": "University of Patras",
  "Pennsylvania University": "University of Pennsylvania",
  "University Of Pennsilvanya": "University of Pennsylvania",
  "University Of Pennslyvinia": "University of Pennsylvania",
  "Penn (University Of Pennsylvania)": "University of Pennsylvania",
  "University Of Pennsylvania AMCS": "University of Pennsylvania",
  "University Of Pennsylvania Fels": "University of Pennsylvania",
  "University Of Pennsylvania, Fels Institute": "University of Pennsylvania",
  "University Of Pennsylvania Warton School": "University of Pennsylvania",
  "The University Of Pennsylvania Wharton School": "University of Pennsylvania",
  "U Of Pennsylvania (UPenn)": "University of Pennsylvania",
  "University Of Pennsylvania Medical School": "University of Pennsylvania",
  "University Of Pennsylvania Wharton": "University of Pennsylvania",
  "University Of Pennsylvaniailwaukee": "University of Pennsylvania",
  "Kutztown University Of Pennsylvania": "University of Pennsylvania",
  "Annenberg School University Of Pennsylvania": "University of Pennsylvania",
  "University Of Pennsylvania School Of Design": "University of Pennsylvania",
  "University Of Pennsylvania, Annenberg": "University of Pennsylvania",
  "University Of PennsylvaniaPennDesign": "University of Pennsylvania",
  "Clarion University Of Pennslyvania": "University of Pennsylvania",
  "University Of Pittsberg": "University of Pittsburgh",
  "University Of Pitturagh": "University of Pittsburgh",
  "Pittsburgh Univ.": "University of Pittsburgh",
  "University Pittsburgh": "University of Pittsburgh",
  "University Of Pittsburgh HPS": "University of Pittsburgh",
  "University Of Pittsburgh(Katz)": "University of Pittsburgh",
  "University Of Pittsburgh (Pitt)": "University of Pittsburgh",
  "University Pittsburgh GSPH": "University of Pittsburgh",
  "University Of Pittsburgh Medical School": "University of Pittsburgh",
  "University Of Pitts": "University of Pittsburgh",
  "University Of Portland": "University of Porto",
  "University Of Reading": "University of Reading",
  "University Of Regina": "University of Regina",
  "Rhode Island University": "University of Rhode Island",
  "University Rhode Island": "University of Rhode Island",
  "University Of Rhode Island - URI": "University of Rhode Island",
  "Towson University, University Of Rhode Island": "University of Rhode Island",
  "University Of Rhode Island - Kingston": "University of Rhode Island",
  "Uni Of Rochester": "University of Rochester",
  "URochester": "University of Rochester",
  "Simon School, University Of Rochester": "University of Rochester",
  "University Of Rochester Simon": "University of Rochester",
  "University Of Rochester Simon School": "University of Rochester",
  "University Of Rochester, Warner School": "University of Rochester",
  "University Of San Francisco": "University of San Francisco",
  "UC San Francisco (UCSF)": "University of San Francisco",
  "University Of California San Francisco": "University of San Francisco",
  "University Of Saskachewan": "University of Saskatchewan",
  "University Of South Australia": "University of South Australia",
  "University South Carolina": "University of South Carolina",
  "University Of South Carolina- Aiken": "University of South Carolina",
  "University Of South Carolina-distance": "University of South Carolina",
  "University Of South Carolina (On-campus)": "University of South Carolina",
  "University Of South Carolina (USC / UofSC)": "University of South Carolina",
  "University Of South Carolina (Darla Moore)": "University of South Carolina",
  "University Of South Florid": "University of South Florida",
  "University Of South Floridaflodira": "University of South Florida",
  "University Of South FL": "University of South Florida",
  "Southampton University": "University of Southampton",
  "Uni Southampton": "University of Southampton",
  "University Southern California": "University of Southern California",
  "USC Southern California": "University of Southern California",
  "University Of Southern California - SPPD": "University of Southern California",
  "USC  The University Of Southern California": "University of Southern California",
  "University Of Southern California Viterbi": "University of Southern California",
  "University Of Southern California, Marshall": "University of Southern California",
  "California Lutheran University": "University of Southern California",
  "U Of South California(usc)": "University of Southern California",
  "University Of Southern California Annenberg": "University of Southern California",
  "University Of Southern California - USC Keck": "University of Southern California",
  "University Of Southern California Santa Cruz": "University of Southern California",
  "University Of Southern California, Los Angeles": "University of Southern California",
  "University Of Southern California At San Diego": "University of Southern California",
  "University Of Southern California And University Of Lousiana": "University of Southern California",
  "University Of Southern Cal (USC)": "University of Southern California",
  "The University Of St Andrews": "University of St Andrews",
  "St Andrews University": "University of St Andrews",
  "University Of St. Andrews, Scotland": "University of St Andrews",
  "University Of Stavanger": "University of Stavanger",
  "University Of Stavanger (UiS)": "University of Stavanger",
  "Stirling University": "University of Stirling",
  "University Of Strathclyde": "University of Strathclyde",
  "University Of Surrey": "University of Surrey",
  "University Of Sussex, UK": "University of Sussex",
  "Sussex University": "University of Sussex",
  "University Of Tampa": "University of Tasmania",
  "University Of Tehran": "University of Tehran",
  "University Of Texas Dallas": "University of Texas Dallas",
  "Univ Of Texas At Dallas": "University of Texas Dallas",
  "University Of Texus At Dallas": "University of Texas Dallas",
  "University Of North Texas, Dallas": "University of Texas Dallas",
  "University Of Texas - Dallas (UTD)": "University of Texas Dallas",
  "UTD (University Of Texas At Dallas)": "University of Texas Dallas",
  "University Of Texas, Dallas (UT Dallas)": "University of Texas Dallas",
  "University Of Texas El Paso": "University of Texas El Paso",
  "University Texas El Paso": "University of Texas El Paso",
  "University Of Texas El Paso (UTEP)": "University of Texas El Paso",
  "University Of El Paso": "University of Texas El Paso",
  "Univ. Of Texas At Austin": "University of Texas at Austin",
  "University Of Texas At Austin UT": "University of Texas at Austin",
  "Texas University At Austin": "University of Texas at Austin",
  "University Of Austin Texas": "University of Texas at Austin",
  "University Of Texas (UT) - Austin": "University of Texas at Austin",
  "UT Austin (University Of Texas Austin)": "University of Texas at Austin",
  "University Of Texas - Austin LBJ": "University of Texas at Austin",
  "University Of Texas At Austin McCombs": "University of Texas at Austin",
  "University Of Texas Austin LBJ School": "University of Texas at Austin",
  "University Of Texas--Austion": "University of Texas at Austin",
  "University Texas Austin": "University of Texas at Austin",
  "University Of Texas, Austin Architecture": "University of Texas at Austin",
  "The University Of Texas At Austins At Austin": "University of Texas at Austin",
  "University Of Texas (UT)": "University of Texas at Austin",
  "University Of Texas Austin School Of Architecture": "University of Texas at Austin",
  "The University Of Texas San Antonio": "University of Texas at San Antonio",
  "University Of Texas San Antonio": "University of Texas at San Antonio",
  "University Of Toled": "University of Toledo",
  "Univ. Of Toronto": "University of Toronto",
  "Uni Of Toronto": "University of Toronto",
  "University Of Torontoonto": "University of Toronto",
  "Toronto": "University of Toronto",
  "University Toronto": "University of Toronto",
  "The University Of Toronto (Munk School)": "University of Toronto",
  "University Of Toronto (Munk School)": "University of Toronto",
  "University Of Toronto (UofT)": "University of Toronto",
  "University Of Toronto OISE": "University of Toronto",
  "University Of Toronto, IHPME": "University of Toronto",
  "Rotman, Toronto University": "University of Toronto",
  "University Of Toronto-Rotman": "University of Toronto",
  "The University Of Tulsa": "University of Tulsa",
  "Tulsa University": "University of Tulsa",
  "University Of Tuscaloosa": "University of Tulsa",
  "University Of Twente": "University of Twente",
  "U Of Utah": "University of Utah",
  "University Of Utah (UoU)": "University of Utah",
  "University Of Vermont": "University of Vermont",
  "University Of Vermont Uvm": "University of Vermont",
  "University Of Victoria (UVic)": "University of Victoria (UVic)",
  "Univ Of Virginia": "University of Virginia",
  "Virginia University": "University of Virginia",
  "University Of Virginia Curry School": "University of Virginia",
  "University Of Virginia-Curry": "University of Virginia",
  "UVA (Virginia)": "University of Virginia",
  "University Of Virginia (Darden)": "University of Virginia",
  "University Of Virginia Batten": "University of Virginia",
  "University Of Washing": "University of Washington",
  "University Washington": "University of Washington",
  "University Of Washington (Olin)": "University of Washington",
  "UWashington": "University of Washington",
  "University Of Washington Evans": "University of Washington",
  "University Of Washington(Foster)": "University of Washington",
  "University Of Washington-Evans School": "University of Washington",
  "University Of Washington - HCDE": "University of Washington",
  "University Of Washington Tacoma": "University of Washington",
  "University Of Seattle, Washington": "University of Washington",
  "University Of Washington Bothell": "University of Washington",
  "University Of Washington Jackson School": "University of Washington",
  "University Of Washington Business School": "University of Washington",
  "University Of Waterloo (Tri-University)": "University of Waterloo",
  "UWaterloo": "University of Waterloo",
  "University Of Waterloo (Canada)": "University of Waterloo",
  "Westminster University": "University of Westminster",
  "The University Of Windsor": "University of Windsor",
  "Windsor University": "University of Windsor",
  "University Of WisconsinMilwaukee": "University of Wisconsin Milwaukee",
  "University Wisconsin-Milwaukee": "University of Wisconsin Milwaukee",
  "University Of Milwaukee-Wisconsin": "University of Wisconsin Milwaukee",
  "University Of Wisconsin - Madisonn, Milwaukee": "University of Wisconsin Milwaukee",
  "University Of Wisconsin, Milwaukeen, Milwaukee": "University of Wisconsin Milwaukee",
  "University Of Wisconsin-Madison (UWisc)": "University of Wisconsin-Madison",
  "University Wisconsin Madison": "University of Wisconsin-Madison",
  "University Of Wisconsin Madison (PMP)": "University of Wisconsin-Madison",
  "University Of Winconsin, Madison(UWM)": "University of Wisconsin-Madison",
  "University Of Wisconsin-Stout": "University of Wisconsin-Madison",
  "University Of Wisconsin-Madison, La Follette": "University of Wisconsin-Madison",
  "University Of WisconsinMadison (UW Madison)": "University of Wisconsin-Madison",
  "Uw-madison, University Of WisconsinMadison": "University of Wisconsin-Madison",
  "The University Of Wisconsin": "University of Wisconsin-Madison",
  "Wyoming University": "University of Wyoming",
  "The University Of York": "University of York",
  "University Of York, UK": "University of York",
  "UZH - University Of Zurich": "University of Zurich",
  "University Of Zurich - UZH": "University of Zurich",
  "UZH Zurich": "University of Zurich",
  "University Of The Pacific": "University of the Pacific",
  "University Of The Pacific (UoP)": "University of the Pacific",
  "University Of The Pacific Stockton": "University of the Pacific",
  "Unveristy Of The Pacific": "University of the Pacific",
  "Saarland University (Universitt Des Saarlandes)": "Universität des Saarlandes",
  "Universite Laval": "Université Laval",
  "Universit Paris-Saclay (Paris-Sud)": "Université Paris-Saclay",
  "LUniversit De Bourgogne": "Université de Fribourg",
  "Universit De Montral": "Université de Montréal",
  "Uppsala": "Uppsala University",
  "Utah State": "Utah State University",
  "Plymouth State University": "Utah State University",
  "Utrecht University": "Utrecht University",
  "Vancouver Islend University": "Vancouver Island University",
  "Adler University, Vancouver": "Vancouver Island University",
  "Vanderbilt": "Vanderbilt University",
  "UCSB, Vanderbilt": "Vanderbilt University",
  "Virgnia Commonwealth University": "Virginia Commonwealth University",
  "Virginia Commonwealth Univeristy": "Virginia Commonwealth University",
  "Virginia Polytechnic And State University": "Virginia Polytechnic Institute and State University",
  "Virginia Polytechnic And State University (Virginia Tech)": "Virginia Polytechnic Institute and State University",
  "Virginia Polytechnic University": "Virginia Polytechnic Institute and State University",
  "Wake Forest University": "Wake Forest University",
  "Wake Forest University (WFU)": "Wake Forest University",
  "Washingon State University": "Washington State University",
  "Eastern Washington State University": "Washington State University",
  "Washington State University Pullman": "Washington State University",
  "Washington State Universtiy": "Washington State University",
  "Wayne State University": "Wayne State University",
  "Wayne Staet University State University": "Wayne State University",
  "University West Virginia": "West Virginia University",
  "West Virgina University": "West Virginia University",
  "West Virginia University (WVU)University (WVU)": "West Virginia University",
  "Northern Michigan University": "Western Michigan University",
  "Western University (UWO)": "Western University",
  "Midwesten University": "Western University",
  "Case Western University": "Western University",
  "Norhtwestern University": "Western University",
  "Western University (Ivey)": "Western University",
  "Wuhan University": "Wuhan University",
  "Xiamen University": "Xiamen University",
  "Yale Univ": "Yale University",
  "Yeshiva University": "Yeshiva University",
  "Yeshiva University, PsyD": "Yeshiva University",
  "Yildiz Technical University": "Yildiz Technical University",
  "Yokohama National University": "Yokohama National University",
  "Yonsei University": "Yonsei University",
  "NYork Univ": "York University",
  "Yuan Ze University": "Yuan Ze University",
  "Zhejiang University": "Zhejiang University",
  "Zhengzhou University": "Zhengzhou University"
}